{
    "total_return": 0.1236247093322489,
    "annual_return": 0.21013779102183605,
    "sharpe_ratio": 2.354504860546816,
    "max_drawdown": -0.020749879695988294,
    "win_rate": 0.574468085106383,
    "profit_factor": 2.647334034160504,
    "accuracy": 0.4967741935483871,
    "precision": 0.25161290322580643,
    "recall": 0.4967741935483871,
    "f1_score": 0.3340378197997776
}