total_return,sharpe_ratio,max_drawdown,num_trades,win_rate
-0.025892231380789964,-1.2792042981336622,0.025892231380789964,1,0.0
