{
    "total_return": 0.06305443251478482,
    "annual_return": 0.10523456589453528,
    "sharpe_ratio": 2.1133337992948986,
    "max_drawdown": -0.021073414787817768,
    "win_rate": 0.5671641791044776,
    "profit_factor": 1.671183454967739,
    "accuracy": 0.4774193548387097,
    "precision": 0.4044284097340124,
    "recall": 0.4774193548387097,
    "f1_score": 0.32364900842534555
}