{
    "total_return": 0.1842515423072082,
    "annual_return": 0.3188063324964556,
    "sharpe_ratio": 1.3056133280798885,
    "max_drawdown": -0.07813534013869272,
    "win_rate": 0.4954128440366973,
    "profit_factor": 1.3996712295634122,
    "accuracy": 0.4838709677419355,
    "precision": 0.476343657114917,
    "recall": 0.4838709677419355,
    "f1_score": 0.4615929880621533
}