total_return,sharpe_ratio,max_drawdown,num_trades,win_rate
0.05595213160395669,0.4096806702082777,0.23047343951877583,29,0.3793103448275862
