total_return,sharpe_ratio,max_drawdown,num_trades,win_rate
-0.0013846049504398251,0.20505201983289015,0.23047343951877555,31,0.3548387096774194
