{
    "total_return": 0.0,
    "annual_return": 0.0,
    "sharpe_ratio": 0.0,
    "max_drawdown": 0.0,
    "win_rate": 0.0,
    "profit_factor": 0.0,
    "accuracy": 0.3935483870967742,
    "precision": 0.15488033298647244,
    "recall": 0.3935483870967742,
    "f1_score": 0.22228195937873357
}