{
    "total_return": 0.009288786754877432,
    "annual_return": 0.015244705907693223,
    "sharpe_ratio": 2.0906241087926016,
    "max_drawdown": -0.000103021698106609,
    "win_rate": 0.75,
    "profit_factor": 91.39225991373591,
    "accuracy": 0.4774193548387097,
    "precision": 0.6200277718436232,
    "recall": 0.4774193548387097,
    "f1_score": 0.3327204616988483
}