total_return,sharpe_ratio,max_drawdown,num_trades,win_rate
0.0489873932581715,0.6673482353337188,0.06096662833681837,3,0.6666666666666666
