{
    "total_return": 0.0,
    "annual_return": 0.0,
    "sharpe_ratio": 0.0,
    "max_drawdown": 0.0,
    "win_rate": 0.0,
    "profit_factor": 0.0,
    "accuracy": 0.5096774193548387,
    "precision": 0.25977107180020814,
    "recall": 0.5096774193548387,
    "f1_score": 0.34414116349600216
}