{
    "total_return": 0.008726243284072233,
    "annual_return": 0.014318912333427747,
    "sharpe_ratio": 0.39408609509766485,
    "max_drawdown": -0.03189361539018021,
    "win_rate": 0.578125,
    "profit_factor": 1.1226243047209983,
    "accuracy": 0.5290322580645161,
    "precision": 0.5407664736696994,
    "recall": 0.5290322580645161,
    "f1_score": 0.5267941354841399
}