total_return,sharpe_ratio,max_drawdown,num_trades,win_rate
-0.009068237752701134,-0.050649212705607856,0.0761907022515347,7,0.2857142857142857
