{
    "total_return": 0.007185402521552531,
    "annual_return": 0.011784789783627625,
    "sharpe_ratio": 0.12431615263059123,
    "max_drawdown": -0.06325743209114132,
    "win_rate": 0.5,
    "profit_factor": 1.0210476236665122,
    "accuracy": 0.4967741935483871,
    "precision": 0.24678459937565037,
    "recall": 0.4967741935483871,
    "f1_score": 0.3297552836484983
}