{
    "total_return": 0.05749764141441949,
    "annual_return": 0.09579657686193199,
    "sharpe_ratio": 1.7149050820123821,
    "max_drawdown": -0.025597740131152236,
    "win_rate": 0.5555555555555556,
    "profit_factor": 1.3775980965345536,
    "accuracy": 0.5290322580645161,
    "precision": 0.45533806052132225,
    "recall": 0.5290322580645161,
    "f1_score": 0.4480134935694708
}