total_return,sharpe_ratio,max_drawdown,num_trades,win_rate
0.19453384878497237,1.612170218827701,0.042225663178582194,10,0.5
