{
    "total_return": 0.0020164128230446554,
    "annual_return": 0.003301701069429175,
    "sharpe_ratio": 0.12187043376289183,
    "max_drawdown": -0.021809031981133153,
    "win_rate": 0.5,
    "profit_factor": 1.0396772613547824,
    "accuracy": 0.4967741935483871,
    "precision": 0.24678459937565037,
    "recall": 0.4967741935483871,
    "f1_score": 0.3297552836484983
}