{
    "total_return": -0.008671378271311703,
    "annual_return": -0.014150336837748578,
    "sharpe_ratio": -0.6907667518583184,
    "max_drawdown": -0.015564974704226353,
    "win_rate": 0.38095238095238093,
    "profit_factor": 0.7236819317068297,
    "accuracy": 0.4967741935483871,
    "precision": 0.24678459937565037,
    "recall": 0.4967741935483871,
    "f1_score": 0.3297552836484983
}