{
    "total_return": 0.03777545481304534,
    "annual_return": 0.06255399733271028,
    "sharpe_ratio": 2.4910411821745955,
    "max_drawdown": -0.003249475143475733,
    "win_rate": 0.6666666666666666,
    "profit_factor": 4.866578119123228,
    "accuracy": 0.45161290322580644,
    "precision": 0.5474610279364099,
    "recall": 0.45161290322580644,
    "f1_score": 0.3802223185058202
}