total_return,sharpe_ratio,max_drawdown,num_trades,win_rate
0.05609571253333615,0.7543523679267199,0.04077283380408316,4,0.5
