{
    "total_return": -0.01070497239376278,
    "annual_return": -0.01745748393671709,
    "sharpe_ratio": -1.2172846467408827,
    "max_drawdown": -0.014748505291823255,
    "win_rate": 0.4444444444444444,
    "profit_factor": 0.3450701877386174,
    "accuracy": 0.44516129032258067,
    "precision": 0.44478813767368786,
    "recall": 0.44516129032258067,
    "f1_score": 0.31847530440529753
}