{
    "total_return": 0.0,
    "annual_return": 0.0,
    "sharpe_ratio": 0.0,
    "max_drawdown": 0.0,
    "win_rate": 0.0,
    "profit_factor": 0.0,
    "accuracy": 0.45161290322580644,
    "precision": 0.20395421436004163,
    "recall": 0.45161290322580644,
    "f1_score": 0.2810035842293907
}