total_return,sharpe_ratio,max_drawdown,num_trades,win_rate
0.047823184768351165,0.8626988689367803,0.019723995597473683,2,0.5
