{
    "total_return": 0.03320141755291495,
    "annual_return": 0.05490125087976239,
    "sharpe_ratio": 0.44230283165257045,
    "max_drawdown": -0.09401876706512946,
    "win_rate": 0.5555555555555556,
    "profit_factor": 1.0805956141772928,
    "accuracy": 0.44516129032258067,
    "precision": 0.19816857440166494,
    "recall": 0.44516129032258067,
    "f1_score": 0.27425115207373274
}