{
    "total_return": -0.038940337743618825,
    "annual_return": -0.06292727128193065,
    "sharpe_ratio": -0.821357901287677,
    "max_drawdown": -0.06906428305987544,
    "win_rate": 0.4125,
    "profit_factor": 0.7672434809310433,
    "accuracy": 0.5096774193548387,
    "precision": 0.25977107180020814,
    "recall": 0.5096774193548387,
    "f1_score": 0.34414116349600216
}