{
    "total_return": 0.00651495548678227,
    "annual_return": 0.010682918116098117,
    "sharpe_ratio": 0.11502069764874369,
    "max_drawdown": -0.07124375850702058,
    "win_rate": 0.5337837837837838,
    "profit_factor": 1.0208487124312489,
    "accuracy": 0.535483870967742,
    "precision": 0.5953525294075196,
    "recall": 0.535483870967742,
    "f1_score": 0.40673211781206176
}