total_return,sharpe_ratio,max_drawdown,num_trades,win_rate
0.058419299168897126,0.5982948404474749,0.06818087685333768,13,0.38461538461538464
