{
    "total_return": 0.0,
    "annual_return": 0.0,
    "sharpe_ratio": 0.0,
    "max_drawdown": 0.0,
    "win_rate": 0.0,
    "profit_factor": 0.0,
    "accuracy": 0.45806451612903226,
    "precision": 0.20982310093652445,
    "recall": 0.45806451612903226,
    "f1_score": 0.28781044818726803
}