{
    "total_return": 0.08456727948850751,
    "annual_return": 0.14206928380796113,
    "sharpe_ratio": 1.309438874906392,
    "max_drawdown": -0.05358698183300059,
    "win_rate": 0.5328947368421053,
    "profit_factor": 1.2450067907267566,
    "accuracy": 0.4645161290322581,
    "precision": 0.21577523413111344,
    "recall": 0.4645161290322581,
    "f1_score": 0.2946710245843399
}