{
    "total_return": 0.08745738844694784,
    "annual_return": 0.14705351229593977,
    "sharpe_ratio": 1.1636595763223971,
    "max_drawdown": -0.08820375237319444,
    "win_rate": 0.5324675324675324,
    "profit_factor": 1.211893043669977,
    "accuracy": 0.4645161290322581,
    "precision": 0.21577523413111344,
    "recall": 0.4645161290322581,
    "f1_score": 0.2946710245843399
}