{
    "total_return": 0.011423279352833493,
    "annual_return": 0.01876048698757815,
    "sharpe_ratio": 0.0373425568727628,
    "max_drawdown": -0.24808988807712384,
    "win_rate": 0.512987012987013,
    "profit_factor": 1.0064344459804013,
    "accuracy": 0.5161290322580645,
    "precision": 0.26638917793964617,
    "recall": 0.5161290322580645,
    "f1_score": 0.3514070006863418
}