{
    "total_return": -0.019446512258827875,
    "annual_return": -0.03162420150919121,
    "sharpe_ratio": -0.06216832543435924,
    "max_drawdown": -0.24754267298165622,
    "win_rate": 0.512987012987013,
    "profit_factor": 0.9893382187968335,
    "accuracy": 0.5161290322580645,
    "precision": 0.26638917793964617,
    "recall": 0.5161290322580645,
    "f1_score": 0.3514070006863418
}