{
    "total_return": 0.03769372739919241,
    "annual_return": 0.06241707184118073,
    "sharpe_ratio": 2.2616923295183216,
    "max_drawdown": -0.00616387487776171,
    "win_rate": 0.5555555555555556,
    "profit_factor": 3.490595376549751,
    "accuracy": 0.4774193548387097,
    "precision": 0.5144912748868483,
    "recall": 0.4774193548387097,
    "f1_score": 0.39052475705974665
}