{
    "total_return": 0.37808272849157887,
    "annual_return": 0.6900712717744106,
    "sharpe_ratio": 3.4491214885872425,
    "max_drawdown": -0.07207185996681176,
    "win_rate": 0.6013071895424836,
    "profit_factor": 1.8004161478182388,
    "accuracy": 0.6,
    "precision": 0.36,
    "recall": 0.6,
    "f1_score": 0.4499999999999999
}