{
    "total_return": 0.0,
    "annual_return": 0.0,
    "sharpe_ratio": 0.0,
    "max_drawdown": 0.0,
    "win_rate": 0.0,
    "profit_factor": 0.0,
    "accuracy": 0.4967741935483871,
    "precision": 0.24678459937565037,
    "recall": 0.4967741935483871,
    "f1_score": 0.3297552836484983
}