{
    "total_return": 0.06412859414733107,
    "annual_return": 0.10706261560342778,
    "sharpe_ratio": 1.3912577379863,
    "max_drawdown": -0.04608956618882676,
    "win_rate": 0.6304347826086957,
    "profit_factor": 1.6814042494902846,
    "accuracy": 0.4774193548387097,
    "precision": 0.5283551904331223,
    "recall": 0.4774193548387097,
    "f1_score": 0.46229311966386144
}