total_return,sharpe_ratio,max_drawdown,num_trades,win_rate
0.028824969089132173,0.3834191887875014,0.08031370455806458,8,0.375
