{
    "total_return": 0.035807577715176286,
    "annual_return": 0.0592589380327313,
    "sharpe_ratio": 1.0192100142699387,
    "max_drawdown": -0.028386929778440706,
    "win_rate": 0.5675675675675675,
    "profit_factor": 1.2813705639912831,
    "accuracy": 0.44516129032258067,
    "precision": 0.19816857440166494,
    "recall": 0.44516129032258067,
    "f1_score": 0.27425115207373274
}