{
    "total_return": 0.12552153101725616,
    "annual_return": 0.21348245914699704,
    "sharpe_ratio": 1.7395058802468037,
    "max_drawdown": -0.04884559012782308,
    "win_rate": 0.5714285714285714,
    "profit_factor": 1.3592356004783523,
    "accuracy": 0.5741935483870968,
    "precision": 0.3296982310093653,
    "recall": 0.5741935483870968,
    "f1_score": 0.4188789000528821
}