total_return,sharpe_ratio,max_drawdown,num_trades,win_rate
0.15598606068112802,1.233235773219668,0.04363373025838176,13,0.46153846153846156
