{
    "total_return": -0.002503295128759686,
    "annual_return": -0.0040930374128251845,
    "sharpe_ratio": -0.11878965804525825,
    "max_drawdown": -0.036701280957131766,
    "win_rate": 0.5384615384615384,
    "profit_factor": 0.9622729408353591,
    "accuracy": 0.4645161290322581,
    "precision": 0.5284645161290323,
    "recall": 0.4645161290322581,
    "f1_score": 0.4144757514557926
}