{
    "total_return": 0.3014945040962327,
    "annual_return": 0.5391086579539195,
    "sharpe_ratio": 3.270123058405829,
    "max_drawdown": -0.06289612085637941,
    "win_rate": 0.6013071895424836,
    "profit_factor": 1.7825109547083609,
    "accuracy": 0.6,
    "precision": 0.36,
    "recall": 0.6,
    "f1_score": 0.4499999999999999
}