total_return,sharpe_ratio,max_drawdown,num_trades,win_rate
0.48177688455322676,2.9248650458819183,0.03378184596766568,11,0.7272727272727273
