{
    "total_return": -0.014193292641664357,
    "annual_return": -0.02312031967371908,
    "sharpe_ratio": -0.11428635202728762,
    "max_drawdown": -0.17573166876884927,
    "win_rate": 0.49193548387096775,
    "profit_factor": 0.9746777180736775,
    "accuracy": 0.4967741935483871,
    "precision": 0.49659743703049053,
    "recall": 0.4967741935483871,
    "f1_score": 0.49635483870967745
}