total_return,sharpe_ratio,max_drawdown,num_trades,win_rate
-0.2541894652974218,-1.883710788166824,0.3290837554463182,14,0.21428571428571427
