{
    "total_return": 0.0,
    "annual_return": 0.0,
    "sharpe_ratio": 0.0,
    "max_drawdown": 0.0,
    "win_rate": 0.0,
    "profit_factor": 0.0,
    "accuracy": 0.4258064516129032,
    "precision": 0.18131113423517167,
    "recall": 0.4258064516129032,
    "f1_score": 0.2543278353525033
}