{
    "total_return": 0.02268810982789282,
    "annual_return": 0.03739327699301542,
    "sharpe_ratio": 0.5384070107199667,
    "max_drawdown": -0.03869323608434194,
    "win_rate": 0.5205479452054794,
    "profit_factor": 1.1405450630565666,
    "accuracy": 0.4258064516129032,
    "precision": 0.18131113423517167,
    "recall": 0.4258064516129032,
    "f1_score": 0.2543278353525033
}