total_return,sharpe_ratio,max_drawdown,num_trades,win_rate
0.022381182526158772,0.36188986078072166,0.080175748237195,5,0.4
