{
    "total_return": -0.013430113319133463,
    "annual_return": -0.021882484904633626,
    "sharpe_ratio": -1.498255109930173,
    "max_drawdown": -0.015479440681095413,
    "win_rate": 0.5,
    "profit_factor": 0.5753820248485868,
    "accuracy": 0.47096774193548385,
    "precision": 0.22181061394380855,
    "recall": 0.47096774193548385,
    "f1_score": 0.3015846066779853
}