{
    "total_return": 0.0,
    "annual_return": 0.0,
    "sharpe_ratio": 0.0,
    "max_drawdown": 0.0,
    "win_rate": 0.0,
    "profit_factor": 0.0,
    "accuracy": 0.47096774193548385,
    "precision": 0.22181061394380855,
    "recall": 0.47096774193548385,
    "f1_score": 0.3015846066779853
}