total_return,sharpe_ratio,max_drawdown,num_trades,win_rate
-0.21646901671741134,-0.647133769492834,0.4022621754013612,44,0.3181818181818182
