{
    "total_return": 0.18872928736031902,
    "annual_return": 0.32697588336167094,
    "sharpe_ratio": 1.7833218424769077,
    "max_drawdown": -0.06423614982722281,
    "win_rate": 0.5909090909090909,
    "profit_factor": 1.4373584544053812,
    "accuracy": 0.4064516129032258,
    "precision": 0.1652029136316337,
    "recall": 0.4064516129032258,
    "f1_score": 0.2349215744303048
}