{
    "total_return": 0.23227108122963402,
    "annual_return": 0.40743523695998873,
    "sharpe_ratio": 2.0572053167035342,
    "max_drawdown": -0.06264371657140044,
    "win_rate": 0.5909090909090909,
    "profit_factor": 1.5214970169620963,
    "accuracy": 0.4064516129032258,
    "precision": 0.1652029136316337,
    "recall": 0.4064516129032258,
    "f1_score": 0.2349215744303048
}