{
    "total_return": -0.013981295900466262,
    "annual_return": -0.022776533800303533,
    "sharpe_ratio": -0.3313953403011252,
    "max_drawdown": -0.06643295035622832,
    "win_rate": 0.5149253731343284,
    "profit_factor": 0.9391371062324235,
    "accuracy": 0.4967741935483871,
    "precision": 0.45806451612903226,
    "recall": 0.4967741935483871,
    "f1_score": 0.41513383665065196
}