total_return,sharpe_ratio,max_drawdown,num_trades,win_rate
-0.004866759213638943,0.0378402748146127,0.10064903396314615,12,0.3333333333333333
