{
    "total_return": 0.1934073786028505,
    "annual_return": 0.33553190322495396,
    "sharpe_ratio": 1.5959603238828346,
    "max_drawdown": -0.06964993736423208,
    "win_rate": 0.5047619047619047,
    "profit_factor": 1.5015092150854366,
    "accuracy": 0.4967741935483871,
    "precision": 0.4926205837173579,
    "recall": 0.4967741935483871,
    "f1_score": 0.4804080678554732
}